{
    "degree": {
        "img_029.JPG": 0.6829268292682927,
        "img_028.JPG": 0.5853658536585367,
        "img_040.jpg": 0.4634146341463415,
        "img_026.JPG": 0.6097560975609756,
        "img_044.jpg": 0.5121951219512195,
        "img_036.JPG": 0.8048780487804879,
        "img_008.JPG": 0.4634146341463415,
        "img_035.JPG": 0.7317073170731707,
        "img_012.JPG": 0.5365853658536586,
        "img_027.JPG": 0.4878048780487805,
        "IMG_045.jpg": 0.6829268292682927,
        "img_023.JPG": 0.5365853658536586,
        "img_016.JPG": 0.5853658536585367,
        "img_006.JPG": 0.5365853658536586,
        "img_009.jpg": 0.7073170731707318,
        "img_031.jpg": 0.8048780487804879,
        "img_021.jpg": 0.6341463414634146,
        "img_022.JPG": 0.5365853658536586,
        "img_003.jpg": 0.6341463414634146,
        "img_017.jpg": 0.5121951219512195,
        "img_043.jpg": 0.6829268292682927,
        "img_007.jpg": 0.41463414634146345,
        "img_002.jpg": 0.36585365853658536,
        "img_025.JPG": 0.5853658536585367,
        "img_010.jpg": 0.41463414634146345,
        "img_013.JPG": 0.6829268292682927,
        "img_018.JPG": 0.43902439024390244,
        "img_014.JPG": 0.1951219512195122,
        "IMG_042.jpg": 0.5121951219512195,
        "img_020.JPG": 0.34146341463414637,
        "img_004.jpg": 0.24390243902439024,
        "img_015.JPG": 0.5609756097560976,
        "img_019.JPG": 0.43902439024390244,
        "img_034.JPG": 0.0975609756097561,
        "img_011.jpg": 0.24390243902439024,
        "img_039.JPG": 0.17073170731707318,
        "img_038.JPG": 0.12195121951219512,
        "img_005.jpg": 0.1951219512195122,
        "img_030.JPG": 0.17073170731707318,
        "img_024.jpg": 0.41463414634146345,
        "img_032.JPG": 0.43902439024390244,
        "img_001.jpg": 0.17073170731707318
    },
    "closeness": {
        "img_029.JPG": 0.7592592592592593,
        "img_028.JPG": 0.7068965517241379,
        "img_040.jpg": 0.6307692307692307,
        "img_026.JPG": 0.7192982456140351,
        "img_044.jpg": 0.6507936507936508,
        "img_036.JPG": 0.8367346938775511,
        "img_008.JPG": 0.6212121212121212,
        "img_035.JPG": 0.7735849056603774,
        "img_012.JPG": 0.6721311475409836,
        "img_027.JPG": 0.6612903225806451,
        "IMG_045.jpg": 0.7592592592592593,
        "img_023.JPG": 0.6721311475409836,
        "img_016.JPG": 0.7068965517241379,
        "img_006.JPG": 0.6833333333333333,
        "img_009.jpg": 0.7592592592592593,
        "img_031.jpg": 0.8367346938775511,
        "img_021.jpg": 0.7192982456140351,
        "img_022.JPG": 0.6721311475409836,
        "img_003.jpg": 0.7192982456140351,
        "img_017.jpg": 0.6721311475409836,
        "img_043.jpg": 0.7592592592592593,
        "img_007.jpg": 0.5942028985507246,
        "img_002.jpg": 0.6119402985074627,
        "img_025.JPG": 0.6949152542372882,
        "img_010.jpg": 0.6212121212121212,
        "img_013.JPG": 0.7592592592592593,
        "img_018.JPG": 0.6307692307692307,
        "img_014.JPG": 0.5540540540540541,
        "IMG_042.jpg": 0.6612903225806451,
        "img_020.JPG": 0.6029411764705882,
        "img_004.jpg": 0.5694444444444444,
        "img_015.JPG": 0.6949152542372882,
        "img_019.JPG": 0.640625,
        "img_034.JPG": 0.5061728395061729,
        "img_011.jpg": 0.5694444444444444,
        "img_039.JPG": 0.5256410256410257,
        "img_038.JPG": 0.43617021276595747,
        "img_005.jpg": 0.5324675324675324,
        "img_030.JPG": 0.5394736842105263,
        "img_024.jpg": 0.6029411764705882,
        "img_032.JPG": 0.640625,
        "img_001.jpg": 0.5324675324675324
    },
    "harmonic": {
        "img_026.JPG": 33.0,
        "img_022.JPG": 31.333333333333332,
        "img_023.JPG": 31.333333333333332,
        "img_034.JPG": 22.0,
        "img_016.JPG": 32.5,
        "img_031.jpg": 37.0,
        "img_008.JPG": 29.499999999999996,
        "img_007.jpg": 28.33333333333333,
        "img_013.JPG": 34.5,
        "img_003.jpg": 33.33333333333333,
        "img_025.JPG": 32.33333333333333,
        "img_040.jpg": 29.666666666666664,
        "img_011.jpg": 25.5,
        "img_012.JPG": 31.333333333333332,
        "img_039.JPG": 23.5,
        "img_010.jpg": 28.833333333333332,
        "img_038.JPG": 20.166666666666668,
        "img_024.jpg": 28.499999999999996,
        "img_001.jpg": 23.666666666666668,
        "img_017.jpg": 31.0,
        "img_014.JPG": 24.5,
        "img_020.JPG": 27.5,
        "img_021.jpg": 33.33333333333333,
        "img_044.jpg": 30.666666666666664,
        "img_036.JPG": 37.0,
        "img_035.JPG": 35.33333333333333,
        "img_027.JPG": 30.5,
        "img_019.JPG": 29.5,
        "img_043.jpg": 34.5,
        "img_002.jpg": 28.0,
        "img_015.JPG": 32.0,
        "img_018.JPG": 29.333333333333332,
        "img_029.JPG": 34.5,
        "img_009.jpg": 34.83333333333333,
        "img_006.JPG": 31.5,
        "img_005.jpg": 24.0,
        "img_028.JPG": 32.5,
        "IMG_045.jpg": 34.5,
        "img_032.JPG": 29.5,
        "img_004.jpg": 25.5,
        "IMG_042.jpg": 30.833333333333332,
        "img_030.JPG": 23.833333333333336
    },
    "eigenvector": {
        "img_029.JPG": 0.20737486392431032,
        "img_028.JPG": 0.17666918485776642,
        "img_040.jpg": 0.15298834413801843,
        "img_026.JPG": 0.1857556906764105,
        "img_044.jpg": 0.16935334215301243,
        "img_036.JPG": 0.23463357741188304,
        "img_008.JPG": 0.1494631334379469,
        "img_035.JPG": 0.22288248409017924,
        "img_012.JPG": 0.17602710249502976,
        "img_027.JPG": 0.16391313084696776,
        "IMG_045.jpg": 0.21322029197708495,
        "img_023.JPG": 0.16752773091375148,
        "img_016.JPG": 0.18624817422321252,
        "img_006.JPG": 0.1664533094497584,
        "img_009.jpg": 0.20564010911002636,
        "img_031.jpg": 0.22186612172546516,
        "img_021.jpg": 0.20308051412657052,
        "img_022.JPG": 0.15352505855406198,
        "img_003.jpg": 0.19581853900077803,
        "img_017.jpg": 0.1128335929082013,
        "img_043.jpg": 0.2073013681351214,
        "img_007.jpg": 0.14064091771418455,
        "img_002.jpg": 0.07572964839268788,
        "img_025.JPG": 0.18739999172309313,
        "img_010.jpg": 0.14256593984893923,
        "img_013.JPG": 0.21165337853727167,
        "img_018.JPG": 0.1453668808821178,
        "img_014.JPG": 0.032459092843514385,
        "IMG_042.jpg": 0.16661550044958057,
        "img_020.JPG": 0.09589016495954686,
        "img_004.jpg": 0.0731897325030517,
        "img_015.JPG": 0.15042448124799693,
        "img_019.JPG": 0.127733538296388,
        "img_034.JPG": 0.02100025165226517,
        "img_011.jpg": 0.06719571033682134,
        "img_039.JPG": 0.022127400752197778,
        "img_038.JPG": 0.011604685934699186,
        "img_005.jpg": 0.023646697000485592,
        "img_030.JPG": 0.03057807058629187,
        "img_024.jpg": 0.13510239207718305,
        "img_032.JPG": 0.11260030370583701,
        "img_001.jpg": 0.027748962235597825
    },
    "pagerank": {
        "img_029.JPG": 0.032056189972890524,
        "img_028.JPG": 0.027951244262117363,
        "img_040.jpg": 0.022241254352412386,
        "img_026.JPG": 0.028813155001587133,
        "img_044.jpg": 0.02424841807578911,
        "img_036.JPG": 0.03743438464615405,
        "img_008.JPG": 0.022384353822177797,
        "img_035.JPG": 0.03375291065169231,
        "img_012.JPG": 0.025357207254641332,
        "img_027.JPG": 0.02327409523922184,
        "IMG_045.jpg": 0.031515247347113765,
        "img_023.JPG": 0.025608222413113533,
        "img_016.JPG": 0.027369519220836185,
        "img_006.JPG": 0.02578504875492975,
        "img_009.jpg": 0.03377840525311036,
        "img_031.jpg": 0.038542541800454175,
        "img_021.jpg": 0.02933018409079296,