{
    "degree": {
        "img_044.jpg": 0.5121951219512195,
        "img_024.jpg": 0.41463414634146345,
        "img_023.JPG": 0.5365853658536586,
        "img_040.jpg": 0.4634146341463415,
        "img_029.JPG": 0.6829268292682927,
        "img_025.JPG": 0.5853658536585367,
        "img_021.jpg": 0.6341463414634146,
        "img_007.jpg": 0.41463414634146345,
        "img_022.JPG": 0.5365853658536586,
        "img_036.JPG": 0.8048780487804879,
        "img_009.jpg": 0.7073170731707318,
        "img_013.JPG": 0.6829268292682927,
        "img_031.jpg": 0.8048780487804879,
        "img_035.JPG": 0.7317073170731707,
        "IMG_045.jpg": 0.6829268292682927,
        "img_043.jpg": 0.6829268292682927,
        "img_016.JPG": 0.5853658536585367,
        "img_026.JPG": 0.6097560975609756,
        "IMG_042.jpg": 0.5121951219512195,
        "img_028.JPG": 0.5853658536585367,
        "img_027.JPG": 0.4878048780487805,
        "img_008.JPG": 0.4634146341463415,
        "img_032.JPG": 0.43902439024390244,
        "img_003.jpg": 0.6341463414634146,
        "img_012.JPG": 0.5365853658536586,
        "img_015.JPG": 0.5609756097560976,
        "img_019.JPG": 0.43902439024390244,
        "img_020.JPG": 0.34146341463414637,
        "img_011.jpg": 0.24390243902439024,
        "img_014.JPG": 0.1951219512195122,
        "img_017.jpg": 0.5121951219512195,
        "img_018.JPG": 0.43902439024390244,
        "img_006.JPG": 0.5365853658536586,
        "img_010.jpg": 0.41463414634146345,
        "img_002.jpg": 0.36585365853658536,
        "img_030.JPG": 0.17073170731707318,
        "img_005.jpg": 0.1951219512195122,
        "img_039.JPG": 0.17073170731707318,
        "img_004.jpg": 0.24390243902439024,
        "img_038.JPG": 0.12195121951219512,
        "img_034.JPG": 0.0975609756097561,
        "img_001.jpg": 0.17073170731707318
    },
    "closeness": {
        "img_044.jpg": 0.6507936507936508,
        "img_024.jpg": 0.6029411764705882,
        "img_023.JPG": 0.6721311475409836,
        "img_040.jpg": 0.6307692307692307,
        "img_029.JPG": 0.7592592592592593,
        "img_025.JPG": 0.6949152542372882,
        "img_021.jpg": 0.7192982456140351,
        "img_007.jpg": 0.5942028985507246,
        "img_022.JPG": 0.6721311475409836,
        "img_036.JPG": 0.8367346938775511,
        "img_009.jpg": 0.7592592592592593,
        "img_013.JPG": 0.7592592592592593,
        "img_031.jpg": 0.8367346938775511,
        "img_035.JPG": 0.7735849056603774,
        "IMG_045.jpg": 0.7592592592592593,
        "img_043.jpg": 0.7592592592592593,
        "img_016.JPG": 0.7068965517241379,
        "img_026.JPG": 0.7192982456140351,
        "IMG_042.jpg": 0.6612903225806451,
        "img_028.JPG": 0.7068965517241379,
        "img_027.JPG": 0.6612903225806451,
        "img_008.JPG": 0.6212121212121212,
        "img_032.JPG": 0.640625,
        "img_003.jpg": 0.7192982456140351,
        "img_012.JPG": 0.6721311475409836,
        "img_015.JPG": 0.6949152542372882,
        "img_019.JPG": 0.640625,
        "img_020.JPG": 0.6029411764705882,
        "img_011.jpg": 0.5694444444444444,
        "img_014.JPG": 0.5540540540540541,
        "img_017.jpg": 0.6721311475409836,
        "img_018.JPG": 0.6307692307692307,
        "img_006.JPG": 0.6833333333333333,
        "img_010.jpg": 0.6212121212121212,
        "img_002.jpg": 0.6119402985074627,
        "img_030.JPG": 0.5394736842105263,
        "img_005.jpg": 0.5324675324675324,
        "img_039.JPG": 0.5256410256410257,
        "img_004.jpg": 0.5694444444444444,
        "img_038.JPG": 0.43617021276595747,
        "img_034.JPG": 0.5061728395061729,
        "img_001.jpg": 0.5324675324675324
    },
    "harmonic": {
        "img_007.jpg": 28.33333333333333,
        "img_018.JPG": 29.333333333333332,
        "img_028.JPG": 32.5,
        "img_004.jpg": 25.5,
        "img_027.JPG": 30.5,
        "img_021.jpg": 33.333333333333336,
        "img_024.jpg": 28.499999999999996,
        "img_019.JPG": 29.5,
        "img_030.JPG": 23.833333333333336,
        "img_035.JPG": 35.333333333333336,
        "img_014.JPG": 24.5,
        "img_034.JPG": 22.0,
        "img_008.JPG": 29.499999999999996,
        "img_010.jpg": 28.833333333333332,
        "img_036.JPG": 37.0,
        "img_043.jpg": 34.5,
        "img_040.jpg": 29.666666666666664,
        "img_044.jpg": 30.666666666666664,
        "img_038.JPG": 20.166666666666668,
        "img_013.JPG": 34.5,
        "img_006.JPG": 31.5,
        "img_009.jpg": 34.833333333333336,
        "IMG_042.jpg": 30.833333333333332,
        "img_026.JPG": 33.0,
        "img_002.jpg": 28.0,
        "img_029.JPG": 34.5,
        "img_023.JPG": 31.333333333333332,
        "img_003.jpg": 33.333333333333336,
        "img_032.JPG": 29.5,
        "img_017.jpg": 31.0,
        "img_005.jpg": 24.0,
        "img_039.JPG": 23.499999999999996,
        "img_022.JPG": 31.333333333333332,
        "img_001.jpg": 23.666666666666664,
        "img_025.JPG": 32.33333333333333,
        "img_015.JPG": 32.0,
        "img_011.jpg": 25.5,
        "img_012.JPG": 31.333333333333332,
        "img_031.jpg": 37.0,
        "IMG_045.jpg": 34.5,
        "img_016.JPG": 32.5,
        "img_020.JPG": 27.5
    },
    "eigenvector": {
        "img_044.jpg": 0.16935334215301248,
        "img_024.jpg": 0.13510239207718308,
        "img_023.JPG": 0.16752773091375178,
        "img_040.jpg": 0.1529883441380182,
        "img_029.JPG": 0.20737486392431026,
        "img_025.JPG": 0.18739999172309327,
        "img_021.jpg": 0.20308051412657024,
        "img_007.jpg": 0.14064091771418472,
        "img_022.JPG": 0.15352505855406215,
        "img_036.JPG": 0.23463357741188295,
        "img_009.jpg": 0.2056401091100263,
        "img_013.JPG": 0.21165337853727162,
        "img_031.jpg": 0.22186612172546513,
        "img_035.JPG": 0.2228824840901793,
        "IMG_045.jpg": 0.21322029197708503,
        "img_043.jpg": 0.20730136813512132,
        "img_016.JPG": 0.1862481742232126,
        "img_026.JPG": 0.18575569067641076,
        "IMG_042.jpg": 0.16661550044958054,
        "img_028.JPG": 0.17666918485776614,
        "img_027.JPG": 0.16391313084696774,
        "img_008.JPG": 0.14946313343794704,
        "img_032.JPG": 0.11260030370583717,
        "img_003.jpg": 0.19581853900077797,
        "img_012.JPG": 0.1760271024950297,
        "img_015.JPG": 0.1504244812479972,
        "img_019.JPG": 0.1277335382963881,
        "img_020.JPG": 0.09589016495954687,
        "img_011.jpg": 0.06719571033682116,
        "img_014.JPG": 0.03245909284351448,
        "img_017.jpg": 0.11283359290820157,
        "img_018.JPG": 0.14536688088211747,
        "img_006.JPG": 0.16645330944975817,
        "img_010.jpg": 0.1425659398489389,
        "img_002.jpg": 0.07572964839268814,
        "img_030.JPG": 0.03057807058629207,
        "img_005.jpg": 0.02364669700048587,
        "img_039.JPG": 0.022127400752198025,
        "img_004.jpg": 0.07318973250305158,
        "img_038.JPG": 0.011604685934699323,
        "img_034.JPG": 0.02100025165226519,
        "img_001.jpg": 0.027748962235597963
    },
    "pagerank": {
        "img_044.jpg": 0.024248418013964514,
        "img_024.jpg": 0.02045713697346381,
        "img_023.JPG": 0.025608222350841335,
        "img_040.jpg": 0.022241254402844572,
        "img_029.JPG": 0.03205619011027827,
        "img_025.JPG": 0.027427811560146738,
        "img_021.jpg": 0.029330184086501475,
        "img_007.jpg": 0.020048138409569177,
        "img_022.JPG": 0.02681602060039086,
        "img_036.JPG": 0.037434384636942146,
        "img_009.jpg": 0.03377840530209549,
        "img_013.JPG": 0.03157244547375628,
        "img_031.jpg": 0.03854254177110033,
        "img_035.JPG": 0.03375291064578506,
        "IMG_045.jpg": 0.031515247404055396,
        "img_043.jpg": 0.03196721639876491,