{
    "degree": {
        "2020_06_20_11_41_IMG_9600.JPG": 0.3125,
        "2020_06_20_11_38_IMG_9582.JPG": 0.5,
        "2022_01_29_21_20_IMG_1694.JPG": 0.6458333333333333,
        "2020_06_20_11_47_IMG_9619.JPG": 0.5,
        "2020_06_20_11_40_IMG_9594.JPG": 0.5833333333333333,
        "2020_06_20_11_45_IMG_9611.JPG": 0.5,
        "2022_01_29_14_50_IMG_1687.JPG": 0.6041666666666666,
        "2020_06_20_11_47_IMG_9618.JPG": 0.35416666666666663,
        "2020_06_20_11_39_IMG_9587.JPG": 0.3125,
        "2020_06_20_11_40_IMG_9596.JPG": 0.5416666666666666,
        "2020_06_20_11_46_IMG_9616.JPG": 0.5416666666666666,
        "2020_06_20_11_46_IMG_9615.JPG": 0.47916666666666663,
        "2020_06_20_11_45_IMG_9610.JPG": 0.5,
        "2020_06_20_12_13_IMG_9623.JPG": 0.5625,
        "2020_06_20_11_38_IMG_9583.JPG": 0.5833333333333333,
        "2020_01_01_03_37_IMG_3317.JPG": 0.6041666666666666,
        "2020_06_20_11_40_IMG_9591.JPG": 0.125,
        "2020_06_20_11_39_IMG_9586.JPG": 0.5208333333333333,
        "2020_06_20_11_42_IMG_9602.JPG": 0.47916666666666663,
        "2020_06_20_11_46_IMG_9614.JPG": 0.4375,
        "2020_06_20_11_40_IMG_9589.JPG": 0.16666666666666666,
        "2020_06_20_11_42_IMG_9601.JPG": 0.6666666666666666,
        "2020_06_20_11_47_IMG_9617.JPG": 0.29166666666666663,
        "2021_12_24_18_06_IMG_0728.JPG": 0.29166666666666663,
        "2020_06_20_11_42_IMG_9605.JPG": 0.41666666666666663,
        "2021_12_23_23_53_IMG_0650.JPG": 0.29166666666666663,
        "2020_06_20_11_43_IMG_9607.JPG": 0.3958333333333333,
        "2021_04_17_15_52_IMG_1328.JPG": 0.25,
        "2020_06_21_02_02_IMG_9710.JPG": 0.375,
        "2020_06_21_01_59_IMG_9701.JPG": 0.5208333333333333,
        "2019_12_14_22_15_IMG_2596.JPG": 0.10416666666666666,
        "2021_06_06_21_05_IMG_3244.JPG": 0.20833333333333331,
        "2020_06_20_11_40_IMG_9595.JPG": 0.22916666666666666,
        "2020_06_20_11_44_IMG_9608.JPG": 0.5416666666666666,
        "2020_06_20_11_42_IMG_9604.JPG": 0.375,
        "2020_06_20_11_40_IMG_9592.JPG": 0.3125,
        "2020_06_20_11_39_IMG_9585.JPG": 0.5208333333333333,
        "2020_12_12_13_23_IMG_6606.JPG": 0.41666666666666663,
        "2020_06_20_11_40_IMG_9590.JPG": 0.35416666666666663,
        "2020_06_20_11_42_IMG_9606.JPG": 0.5416666666666666,
        "2020_06_20_11_44_IMG_9609.JPG": 0.3125,
        "2020_06_20_11_41_IMG_9598.JPG": 0.25,
        "2020_06_20_11_40_IMG_9597.JPG": 0.3333333333333333,
        "2020_12_12_13_24_IMG_6607.JPG": 0.16666666666666666,
        "2021_08_26_17_46_IMG_5405.JPG": 0.10416666666666666,
        "2020_12_12_13_23_IMG_6605.JPG": 0.16666666666666666,
        "2020_06_06_11_13_IMG_9194.JPG": 0.20833333333333331,
        "2020_06_20_11_46_IMG_9613.JPG": 0.29166666666666663,
        "2021_11_14_16_47_IMG_9221.JPG": 0.16666666666666666
    },
    "closeness": {
        "2020_06_20_11_41_IMG_9600.JPG": 0.5647058823529412,
        "2020_06_20_11_38_IMG_9582.JPG": 0.6666666666666666,
        "2022_01_29_21_20_IMG_1694.JPG": 0.7272727272727273,
        "2020_06_20_11_47_IMG_9619.JPG": 0.6666666666666666,
        "2020_06_20_11_40_IMG_9594.JPG": 0.6956521739130435,
        "2020_06_20_11_45_IMG_9611.JPG": 0.6575342465753424,
        "2022_01_29_14_50_IMG_1687.JPG": 0.7164179104477612,
        "2020_06_20_11_47_IMG_9618.JPG": 0.5783132530120482,
        "2020_06_20_11_39_IMG_9587.JPG": 0.5454545454545454,
        "2020_06_20_11_40_IMG_9596.JPG": 0.6857142857142857,
        "2020_06_20_11_46_IMG_9616.JPG": 0.676056338028169,
        "2020_06_20_11_46_IMG_9615.JPG": 0.64,
        "2020_06_20_11_45_IMG_9610.JPG": 0.6486486486486487,
        "2020_06_20_12_13_IMG_9623.JPG": 0.676056338028169,
        "2020_06_20_11_38_IMG_9583.JPG": 0.6956521739130435,
        "2020_01_01_03_37_IMG_3317.JPG": 0.7164179104477612,
        "2020_06_20_11_40_IMG_9591.JPG": 0.48,
        "2020_06_20_11_39_IMG_9586.JPG": 0.6666666666666666,
        "2020_06_20_11_42_IMG_9602.JPG": 0.64,
        "2020_06_20_11_46_IMG_9614.JPG": 0.631578947368421,
        "2020_06_20_11_40_IMG_9589.JPG": 0.5161290322580645,
        "2020_06_20_11_42_IMG_9601.JPG": 0.7384615384615385,
        "2020_06_20_11_47_IMG_9617.JPG": 0.5714285714285714,
        "2021_12_24_18_06_IMG_0728.JPG": 0.5783132530120482,
        "2020_06_20_11_42_IMG_9605.JPG": 0.6153846153846154,
        "2021_12_23_23_53_IMG_0650.JPG": 0.5517241379310345,
        "2020_06_20_11_43_IMG_9607.JPG": 0.6075949367088608,
        "2021_04_17_15_52_IMG_1328.JPG": 0.5393258426966292,
        "2020_06_21_02_02_IMG_9710.JPG": 0.6153846153846154,
        "2020_06_21_01_59_IMG_9701.JPG": 0.676056338028169,
        "2019_12_14_22_15_IMG_2596.JPG": 0.4752475247524752,
        "2021_06_06_21_05_IMG_3244.JPG": 0.5517241379310345,
        "2020_06_20_11_40_IMG_9595.JPG": 0.5454545454545454,
        "2020_06_20_11_44_IMG_9608.JPG": 0.676056338028169,
        "2020_06_20_11_42_IMG_9604.JPG": 0.6075949367088608,
        "2020_06_20_11_40_IMG_9592.JPG": 0.5853658536585366,
        "2020_06_20_11_39_IMG_9585.JPG": 0.6666666666666666,
        "2020_12_12_13_23_IMG_6606.JPG": 0.631578947368421,
        "2020_06_20_11_40_IMG_9590.JPG": 0.6,
        "2020_06_20_11_42_IMG_9606.JPG": 0.6666666666666666,
        "2020_06_20_11_44_IMG_9609.JPG": 0.5581395348837209,
        "2020_06_20_11_41_IMG_9598.JPG": 0.5274725274725275,
        "2020_06_20_11_40_IMG_9597.JPG": 0.5647058823529412,
        "2020_12_12_13_24_IMG_6607.JPG": 0.46601941747572817,
        "2021_08_26_17_46_IMG_5405.JPG": 0.4,
        "2020_12_12_13_23_IMG_6605.JPG": 0.5161290322580645,
        "2020_06_06_11_13_IMG_9194.JPG": 0.5517241379310345,
        "2020_06_20_11_46_IMG_9613.JPG": 0.5714285714285714,
        "2021_11_14_16_47_IMG_9221.JPG": 0.5274725274725275
    },
    "harmonic": {
        "2020_06_20_11_42_IMG_9604.JPG": 32.83333333333333,
        "2020_06_20_11_47_IMG_9619.JPG": 36.0,
        "2020_06_20_11_40_IMG_9592.JPG": 31.333333333333332,
        "2021_06_06_21_05_IMG_3244.JPG": 28.833333333333336,
        "2020_06_20_11_39_IMG_9586.JPG": 36.333333333333336,
        "2020_06_20_11_40_IMG_9597.JPG": 31.16666666666666,
        "2020_06_20_11_42_IMG_9601.JPG": 39.833333333333336,
        "2020_06_20_11_40_IMG_9591.JPG": 25.33333333333333,
        "2020_12_12_13_23_IMG_6605.JPG": 27.166666666666668,
        "2020_06_06_11_13_IMG_9194.JPG": 28.833333333333332,
        "2020_06_20_11_40_IMG_9596.JPG": 37.0,
        "2020_06_20_11_38_IMG_9582.JPG": 36.0,
        "2020_06_21_02_02_IMG_9710.JPG": 33.0,
        "2020_12_12_13_23_IMG_6606.JPG": 34.0,
        "2020_06_20_11_42_IMG_9605.JPG": 33.666666666666664,
        "2020_06_20_11_46_IMG_9613.JPG": 30.666666666666664,
        "2020_06_20_11_42_IMG_9602.JPG": 35.16666666666667,
        "2020_06_20_11_47_IMG_9618.JPG": 31.833333333333332,
        "2020_12_12_13_24_IMG_6607.JPG": 25.499999999999996,
        "2022_01_29_21_20_IMG_1694.JPG": 39.333333333333336,
        "2020_06_20_11_39_IMG_9587.JPG": 30.33333333333333,
        "2020_06_20_11_46_IMG_9615.JPG": 35.166666666666664,
        "2020_06_20_11_42_IMG_9606.JPG": 36.66666666666667,
        "2020_06_20_11_44_IMG_9609.JPG": 30.66666666666666,
        "2020_06_20_11_41_IMG_9600.JPG": 30.833333333333332,
        "2020_01_01_03_37_IMG_3317.JPG": 38.5,
        "2020_06_20_11_40_IMG_9594.JPG": 37.833333333333336,
        "2021_12_24_18_06_IMG_0728.JPG": 30.833333333333336,
        "2020_06_20_11_46_IMG_9614.JPG": 34.33333333333333,
        "2020_06_20_12_13_IMG_9623.JPG": 37.16666666666667,
        "2021_04_17_15_52_IMG_1328.JPG": 29.16666666666666,
        "2020_06_20_11_44_IMG_9608.JPG": 36.833333333333336,
        "2020_06_20_11_40_IMG_9590.JPG": 32.33333333333333,
        "2020_06_20_11_40_IMG_9595.JPG": 28.999999999999996,
        "2021_12_23_23_53_IMG_0650.JPG": 30.16666666666666,